smiles,TB
C,-161.49
CC,-88.6
CCC,-42.04
CCCC,-0.5
CCCCC,36.07
CCCCCC,68.73
CCCCCCC,98.43
CCCCCCCC,125.68
CCCCCCCCC,150.82
CCCCCCCCCC,174.155
CCCCCCCCCCC,195.928
CCCCCCCCCCCC,216.323
CCCCCCCCCCCCC,235.466
CCCCCCCCCCCCCC,253.577
CCCCCCCCCCCCCCC,270.685
CCCCCCCCCCCCCCCC,286.864
CCCCCCCCCCCCCCCCC,302.15
CCCCCCCCCCCCCCCCCC,316.71
CCCCCCCCCCCCCCCCCCC,329.9
CCCCCCCCCCCCCCCCCCCC,343.78
CCCCCCCCCCCCCCCCCCCCC,356.5
CCCCCCCCCCCCCCCCCCCCCC,368.6
CCCCCCCCCCCCCCCCCCCCCCC,380.2
CCCCCCCCCCCCCCCCCCCCCCCC,391.3
CCCCCCCCCCCCCCCCCCCCCCCCC,401.9
CCCCCCCCCCCCCCCCCCCCCCCCCC,412.2
CCCCCCCCCCCCCCCCCCCCCCCCCCC,422.1
CCCCCCCCCCCCCCCCCCCCCCCCCCCC,431.6
CCCCCCCCCCCCCCCCCCCCCCCCCCCCC,440.8
CCCCCCCCCCCCCCCCCCCCCCCCCCCCCC,449.7
CCCCCCCCCCCCCCCCCCCCCCCCCCCCCCC,461.798
CCCCCCCCCCCCCCCCCCCCCCCCCCCCCCCC,465.7
CCCCCCCCCCCCCCCCCCCCCCCCCCCCCCCCC,479.348
CCCCCCCCCCCCCCCCCCCCCCCCCCCCCCCCCC,484.441
CCCCCCCCCCCCCCCCCCCCCCCCCCCCCCCCCCC,491.447
CCCCCCCCCCCCCCCCCCCCCCCCCCCCCCCCCCCC,497.0
CCCCCCCCCCCCCCCCCCCCCCCCCCCCCCCCCCCCC,516.455
CCCCCCCCCCCCCCCCCCCCCCCCCCCCCCCCCCCCCC,522.527
CCCCCCCCCCCCCCCCCCCCCCCCCCCCCCCCCCCCCCCC,530.827
CCCCCCCCCCCCCCCCCCCCCCCCCCCCCCCCCCCCCCCCCC,543.342
CCCCCCCCCCCCCCCCCCCCCCCCCCCCCCCCCCCCCCCCCCC,544.202
CCCCCCCCCCCCCCCCCCCCCCCCCCCCCCCCCCCCCCCCCCCC,552.864
CCCCCCCCCCCCCCCCCCCCCCCCCCCCCCCCCCCCCCCCCCCCC,578.454
CCCCCCCCCCCCCCCCCCCCCCCCCCCCCCCCCCCCCCCCCCCCCC,566.366
CCCCCCCCCCCCCCCCCCCCCCCCCCCCCCCCCCCCCCCCCCCCCCCC,576.972
CCCCCCCCCCCCCCCCCCCCCCCCCCCCCCCCCCCCCCCCCCCCCCCCCC,587.04
CCCCCCCCCCCCCCCCCCCCCCCCCCCCCCCCCCCCCCCCCCCCCCCCCCCC,596.693
CCCCCCCCCCCCCCCCCCCCCCCCCCCCCCCCCCCCCCCCCCCCCCCCCCCCCC,605.811
CCCCCCCCCCCCCCCCCCCCCCCCCCCCCCCCCCCCCCCCCCCCCCCCCCCCCCCC,613.511
CCCCCCCCCCCCCCCCCCCCCCCCCCCCCCCCCCCCCCCCCCCCCCCCCCCCCCCCCC,622.458
CCCCCCCCCCCCCCCCCCCCCCCCCCCCCCCCCCCCCCCCCCCCCCCCCCCCCCCCCCCC,628.931
CCCCCCCCCCCCCCCCCCCCCCCCCCCCCCCCCCCCCCCCCCCCCCCCCCCCCCCCCCCCCC,637.705
CCCCCCCCCCCCCCCCCCCCCCCCCCCCCCCCCCCCCCCCCCCCCCCCCCCCCCCCCCCCCCCC,644.914
CCCCCCCCCCCCCCCCCCCCCCCCCCCCCCCCCCCCCCCCCCCCCCCCCCCCCCCCCCCCCCCCCC,651.851
CCCCCCCCCCCCCCCCCCCCCCCCCCCCCCCCCCCCCCCCCCCCCCCCCCCCCCCCCCCCCCCCCCCC,657.204
CCCCCCCCCCCCCCCCCCCCCCCCCCCCCCCCCCCCCCCCCCCCCCCCCCCCCCCCCCCCCCCCCCCCCC,664.734
CCCCCCCCCCCCCCCCCCCCCCCCCCCCCCCCCCCCCCCCCCCCCCCCCCCCCCCCCCCCCCCCCCCCCCCC,669.617
CCCCCCCCCCCCCCCCCCCCCCCCCCCCCCCCCCCCCCCCCCCCCCCCCCCCCCCCCCCCCCCCCCCCCCCCCC,675.369
CCCCCCCCCCCCCCCCCCCCCCCCCCCCCCCCCCCCCCCCCCCCCCCCCCCCCCCCCCCCCCCCCCCCCCCCCCCC,681.328
CC(CCC(CCCCC(CCC(C)CC(C)(C)C)CCC(C)CC(C)(C)C)CCC(C)CC(C)(C)C)CC(C)(C)C,478.589
CCCCCCCCCCCCCC(CCCCCCCCCCCC)CCCCCCCCCCCC,515.806
CCCCCCCCCCCCC(CCCCCCCCCCCC)CCCCCCCCCCCC,500.297
CCCCCCCCCCCCC(CCCCCCCCCCC)CCCCCCCCCCCC,478.595
CCCCCCCCCCCCCCCCCC(CCCCCCCC)CCCCCCCC,464.167
CCCCCCCCCCCCCC(CCCCCCCCCC)CCCCCCCCCC,460.842
CCCCCCCCCCCCCCCC(CCCCCCCC)CCCCCCCC,452.473
CCCCCCCCC(CCCCCC)CC(C)(CCCCCC)CCCCCCCC,451.853
CCCCCCCCC(CCC)C(CCC)C(CCC)C(CCC)CCCCCCCC,453.58
CCCCCCCCCCCC(CCCCCCCCCC)CCCCCCCCCC,449.282
CCCCCCCCCCC(CCCCCCCCCC)CCCCCCCCCC,448.611
CCCCCCCCCCCCCC(CCCCCCCC)CCCCCCCC,425.367
CCCCCCCCCCC(CCCCCCCCC)CCCCCCCCCC,443.22
CC(C)CCCC(C)CCCC(C)CCCCC(C)CCCC(C)CCCC(C)C,417.45
CCCCCCCCCCC(CCCCCCCCC)CCCCCCCCC,433.496
CCCCCCCCCCC(CCCCCCCC)CCCCCCCCC,424.17
CCCCCCCCCCCCCCCC(CCCCCC)CCCCCC,419.846
CCCCCCCCCCCC(CCCCCCCC)CCCCCCCC,419.464
CC(CCC(CCC(C)CC(C)(C)C)CCC(C)CC(C)(C)C)CC(C)(C)C,371.371
CCCCCCCCCC(CCCCCCCCC)CCCCCCCCC,423.292
CCCCCCCCCCC(CCCCCCCC)CCCCCCCC,400.406
CCCCCCCCCCC(CCCCCCC)CCCCCCCCC,414.386
CCCCCCCCCCCCCCCCCC(CCCC)CCCC,399.328
CCCCCCCCCCCCCCCCCCCCCC(CC)CC,420.811
CCCCCCCCCCCC(CCCC)CCCCCCCCCC,398.79
CCCCCC(CC)CCC(CCCCC)CCC(CC)CCCCC,389.589
CCCCCCCCCCCCCC(CCCC)CCCCCCCC,397.843
CCCCCCCCCCCCCC(CCCCCC)CCCCCC,375.014
CCCCCCCCCCCCCCCC(CCCC)CCCCCC,400.185
CCCCCCCCCCCCCC(CC(CC)CC)CC(CC)CC,382.682
CCCCCCCCCCC(CCCCC)CCCCCCCCCC,393.229
CCCCCCCCCCC(CCCCCCCCCC)CC(C)(C)C,388.246
CCCCCCCCCCC(CCCCCC)CCCCCCCCC,404.591
CCCCCCCCC(CCCCCCCC)CCCCCCCC,383.788
CCCCCCCCCCC(CCCCC)CCCCCCCCC,395.311
CCCCCCCCC(CCCCCCC)CCCCCCCC,373.35
CCCCCCCCCCCCCCCCC(CCC)CCCC,377.62
CCCCCCCCCCCC(CCCCCC)CCCCCC,382.59
CCCC(C)CCCC(C)CCCCC(C)CCCC(C)CCC,375.653
CCCCCCCCCCCCCCCC(CCCC)CCCC,377.62
CCCCCCC(CCCC)CC(C)(CCCC)CCCCCC,407.269
CCCCCCC(CCC(C)C)C(CCCCCC)CCC(C)C,360.961
CCCCCCCCCCCCCCCC(C)CC(C)CC(C)C,367.213
CCCCCCCCC(CCCCCC)CCCCCCCC,366.497
CCCCCCCCCCCCCCC(C)CC(C)CC(C)C,355.13
CCCCCCCC(CCCCCCC)CCCCCCC,363.516
CCCCCCCCCCCCCCCC(CCC)CCC,367.287
CCCCCCCC(CCCCCC)CCCCCCC,349.296
CCCCCCCCC(CCCCCC)CCCCCC,342.775
CCCCCCCCCCCCCC(CCC)CCC,331.323
CCCCCC(CC)CC(CC)CC(CC)CCCC,305.871
CCC(C)CCCC(C)CCCC(C)CCCC(C)C,314.563
CC(C)CCCC(C)CCCCC(C)CCCC(C)C,321.146
CCCCCCC(C)C(C)C(C)C(C)CCCCCC,321.935
CCCCCCCCCCCC(CCCC)CCCC,329.626
CCCCCCCCCCCCCCCC(CC)CC,341.065
CC(C)(C)CCCCCCCCCCCCC(C)(C)C,333.303
CCCCCCCCCCC(CCCC)CCCC,317.795
CC(C)CCCC(C)CCCC(C)CCCC(C)C,302.301
CCCCC(C)CCCC(C)CCCC(C)CCC,302.468
CCC(C)(C)CCCC(C)CCCC(C)(C)CC,308.308
CCCCCCCC(CCC)CCCCCCC,310.764
CC(CCCCC(C)CC(C)(C)C)CC(C)(C)C,285.642
CC(C)(C)C(C(C(C)(C)C)C(C)(C)C)C(C)(C)C,290.029
CCCCCCC(CCCCC)CCCCC,291.922
CCCCCCC(CCCC)CCCCCC,284.04
CCCCCCCCCCC(CCC)CCC,287.43
CCCCCCC(CCC)CCCCCC,272.758
CC(C)CCCC(C)C(C)CCCC(C)C,262.519
CCCCCC(CCCCC)CCCCC,264.603
CCC(CC)(CC)CCC(CC)(CC)CC,284.998
CCC(C)(C)CCCCCCC(C)(C)CC,267.818
CC(CCCC(C)(C)C)CCCC(C)(C)C,266.994
CCCCC(CCCC)(CCCC)C(C)C,285.926
CCCCCCCCCCCC(CC)CC,280.921
CCC(C)CCCCC(C)CCCC(C)C,272.48
CC(C)(C)C(C)(C)CCC(C)(C)C(C)(C)C,271.656
CC(CC(C)(C)C)CC(C)(C)CC(C)(C)C,246.35
CC(C)CCCCC(C)CCCC(C)C,246.319
CCC(C)CCCC(C)CCCC(C)C,248.758
CCC(C)C(C)(C)CC(C)(C)C(C)CC,249.759
CC(C)CC(C)(C)CC(C)(C)CC(C)C,232.439
CCC(C)(C)C(C)(C)CC(C)CC(C)C,231.316
CCCCCCC(CCC)CCCCC,251.621
CCCCC(C)(C)CC(C)(C)CCCC,250.222
CCCC(C)(CC)CC(C)(CC)CCC,260.499
CCC(C)(C)C(C)(C)CC(C)(C)C(C)C,252.751
CC(C)(C)CCCCCCC(C)(C)C,223.222
CC(C)C(C)(C)CC(C)(C)C(C)(C)C,238.174
CCC(CC(C)C)C(CC)CC(C)C,216.009
CCC(CC)(CC)C(CC)(CC)CC,264.722
CCCCCCC(CCC)CCCC,254.52
CC(C)CC(C)(C)C(C)(C)CC(C)C,241.532
CCCCCCCC(CCC)CCC,242.473
CC(C)CCC(CC(C)C)CC(C)C,217.403
CCCC(C)(CC)C(C)(CC)CCC,254.0
CC(C)(C)C(C)(C)C(C)(C)C(C)(C)C,257.843
CCCCCCCCCC(CC)CC,247.95
CCCCC(CCCC)CCCC,221.683
CCCC(C)(C)CC(C)(C)CCC,214.696
CCC(C)(CC)CC(C)(CC)CC,227.22
CCCCC(C)CC(C)CC(C)C,205.519
CCC(C)CCC(C)CC(C)CC,211.565
CCCCCCC(CCC)CCC,220.847
CCCCC(C)(CC)CC(C)CC,213.508
CCC(CC)CC(C)CC(C)(C)C,203.53
CC(C)CCCC(C)CCC(C)C,211.107
CCCCC(C)(CC)CC(C)CC,213.508
CC(C)(C)C(C(C)(C)C)C(C)(C)C,217.585
CC(CCC(C)(C)C)CC(C)(C)C,197.566
CC(CC(C)(C)C)CC(C)(C)C,177.829
CCCCCC(C)CC(C)(C)C,189.493
CC(C(C)C(C)(C)C)C(C)(C)C,191.5
CCC(C)(C)CCCC(C)(C)C,182.796
CC(C)(C)CCCCC(C)(C)C,186.214
CCC(C)C(C)CC(C)C(C)C,193.521
CCC(C)CC(C)(CC)C(C)C,197.859
CC(C)C(C)CCC(C)C(C)C,197.621
CC(C)CCC(C)(C)CC(C)C,183.565
CC(C)CC(C)CCC(C)(C)C,190.729
CCCC(C)CC(C)CC(C)C,187.3
CC(C)CC(C)C(C)CC(C)C,186.247
CC(C)CC(C)(C)CC(C)(C)C,185.322
CCCCCC(CC)CCCC,205.939
CC(C)CCC(C(C)C)C(C)C,190.708
CCCCC(CCC)CCCC,205.628
CCCC(C)(CC)CC(C)CC,189.351
CCCC(CC(C)C)CC(C)C,187.83
CCCCCCCC(CC)CC,204.496
CCC(C)(C)CCC(C)(C)CC,189.953
CCCC(C)(C)CCCC(C)C,193.761
CC(C)CCC(C)CCC(C)C,190.53
CC(C)C(C)CC(C)C(C)(C)C,188.799
CCCC(C)(CCC)C(C)(C)C,192.223
CC(C)(C)CC(C)(C)C(C)(C)C,189.447
CC(C)CC(C)CC(C)(C)C,161.971
CC(C)CCCC(C)C(C)C,174.918
CC(C)CC(C)(C)CC(C)C,166.672
CCC(C)CC(C)CC(C)C,169.161
CCC(C)CC(C)(CC)CC,179.953
CCCCC(CC)CCCC,180.524
CCCCC(CCC)CCC,184.092
CCCCCC(CC)CCC,184.923
CCC(C)(C)CCC(C)(C)C,167.117
CCCCCCC(CC)CC,185.567
CCC(C)(C)CC(C)(C)CC,179.082
CC(C)CCC(C)CC(C)C,170.1
CCCC(C)(CC)CC(C)C,168.991
CCCCC(C)(C)CC(C)C,173.235
CCCCC(C)CC(C)(C)C,169.996
CC(CC(C)(C)C)C(C)(C)C,164.669
CC(C)C(C)(C)CC(C)(C)C,170.405
CCCC(C)(C)CC(C)(C)C,169.96
CCCCC(C)(C)C(C)(C)C,179.595
CC(C)CC(C)(C)C(C)(C)C,172.983
CCCC(C)(CC)CC(C)C,167.99
CCCCC(C)C(C)(C)C,162.085
CC(C(C)(C)C)C(C)(C)C,159.278
CC(C)C(C)CC(C)(C)C,147.925
CCCCC(C)(C)C(C)C,160.088
CC(C)CCCC(C)(C)C,149.003
CCC(C)CCC(C)(C)C,153.415
CCCC(C)CC(C)(C)C,149.541
CCC(C)(C)CC(C)(C)C,149.715
CCCC(C)C(C)C(C)C,155.986
CCCC(C)(C)CC(C)C,150.638
CCC(C)(C)C(C)(C)CC,170.134
CCCC(C)(C)C(C)CC,162.168
CCCC(C)(CC)C(C)C,151.593
CCC(C)C(C)(CC)CC,154.505
CCC(CC)C(C)(C)CC,154.585
CCCC(CCC)CCC,161.817
CCCCC(CC)CCC,163.356
CCC(CC)C(C)C(C)C,157.308
CCCCCC(CC)CC,165.257
CCC(CC(C)C)C(C)C,151.637
CCC(C)C(CC)C(C)C,157.308
CCCC(CC)C(C)(C)C,153.147
CCC(C)(CC)C(C)(C)C,169.348
CCC(C)C(C)C(C)CC,157.308
CCC(CC)(CC)C(C)C,151.644
CCCC(C)C(C)(C)CC,162.168
CCC(C)(C)CCC(C)C,152.785
CC(C)CC(C)CC(C)C,146.667
CCC(C)C(C)CC(C)C,153.439
CC(C)CCC(C)C(C)C,155.692
CCC(C)CC(C)C(C)C,159.7
CCC(CC)CC(C)(C)C,146.983
CC(C)C(C)(C)C(C)(C)C,166.04
CC(C)(C)CCC(C)(C)C,137.46
CCC(C)CC(C)(C)CC,155.68
CCCC(C)(C)C(C)(C)C,160.31
CCC(C)(CC)C(C)C,141.582
CCC(C)C(C)C(C)C,138.578
CCCC(C)(C)C(C)C,137.134
CCC(C)C(C)(C)CC,139.441
CCCC(C)C(C)(C)C,133.65
CCCC(CC)CCC,141.083
CC[C@H](C)[C@H](C)C(C)C,134.667
CCC(C)CC(C)(C)C,126.55
CC(C)CC(C)C(C)C,130.826
CC[C@@H](C)[C@H](C)C(C)C,134.667
CC(C)C(C)C(C)(C)C,133.03
CC(C)(C)CC(C)(C)C,122.29
CCC(CC)C(C)(C)C,133.84
CC(C)C(C)(C)C(C)C,141.55
CCC(C)(C)CC(C)C,130.66
CCC(CC)(CC)CC,146.19
CCCCC(CC)CC,143.2
CCC(C(C)C)C(C)C,136.72
CC(C)CCC(C)(C)C,124.09
CCC(C)(C)C(C)(C)C,140.29
CCC(C)(C)C(C)C,114.77
CCCC(CC)CC,118.54
CCC(CC)C(C)C,115.65
CCC(C)(CC)CC,118.27
CC(C)C(C)C(C)C,113.47
CCC(C)C(C)(C)C,109.845
CC(C)CC(C)(C)C,99.238
CC(C)(C)C(C)(C)C,106.29
CCC(CC)CC,93.47
CC(C)C(C)(C)C,80.88
CCCCCCCCCCCCC\C=C/CCCCCCCC,378.743
CCCCCCCCCCCCC\C=C\CCCCCCCC,379.547
CCCCCCCCCCCCCCCCC/C=C/C,348.763
CCCCCCCCCCCCCCCCC/C=C/C,318.85
CCCCCCCCCC/C=C/CCCCCC,309.538
CCCCCCCCCCCCC\C=C/CCC,312.298
CCCCCCCC\C=C/CCCCCCCC,314.972
CCCCCCCCCCC/C=C/CCCCC,310.568
CCCCCCCCCCC\C=C/CCCCC,312.302
CCCCCCCCCCCC\C=C/CCCC,311.499
CCCCCCCCC\C=C/CCCCCCC,311.541
CCCCCCCCCCCCCCC\C=C/C,312.992
CCCCCCCC/C=C/CCCCCCCC,318.941
CCCCCCCCCCCCCCC/C=C/C,310.94
CCCCCCCCCC\C=C/CCCCCC,309.238
CCCCCCCCCCCCC/C=C/CCC,311.387
CCCCCCCCC=CCCCCCCC,291.597
CCCCCCCCCCCCCC=CC,280.352
CCCCCCCCCC=CCCCCC,280.352
CCCCCCCCCCCCC=CC,265.364
CCCCCCCC=CCCCCCC,264.057
CCCCCCCCCCCC/C=C/C,263.85
CCCCCCCCCCCC=CC,247.299
CCCCCC\C=C\CCCCCC,244.278
CCCCCC\C=C/CCCCC,228.607
CCCCCCC/C=C/CCC,214.118
CCCCC\C=C\CCCCC,213.449
CCCCCCCCCC=CC,214.118
CCCCCCCC=CCCC,228.34
CCCCC/C=C/CCCCC,213.712
CCCCCCC\C=C/CCC,214.118
CC1(OC2CC3C4CCC5=CC(=O)CCC5(C)C4(F)C(O)CC3(C)C2(O1)C(=O)CBr)c6ccccc6,214.118
CCCCCC/C=C/CCCC,214.118
CCCCC\C=C/CCCCC,210.297
CCCCCCCC\C=C\CC,231.021
CCCCCCCCC\C=C/C,217.85
CCCCCCCCC/C=C/C,217.85
CCCCCC=CCCCC,192.34
CCCCCCC=CCCC,189.201
CCCCCC\C=C/CCC,190.17
CCCCC\C=C\CCCC,190.17
CCCCCCCCC=CC,194.282
CCCCCCC\C=C/CC,190.17
CCCCC\C=C/CCCC,190.17
CCCCCCCC\C=C\C,187.988
CCCCCC\C=C\CCC,190.17
CCCCCCC/C=C/CC,190.17
CCCCCCCC\C=C/C,187.988
CCCCC\C=C\CCC,170.786
CCCCCC\C=C/CC,171.291
CCCCCC\C=C\CC,171.406
CCCCC\C=C/CCC,170.673
CCCC\C=C\CCCC,170.624
CCCCCC=CCCC,171.336
CCCC\C=C\CCCC,171.279
CCCC\C=C\CCCC,170.426
CCCCCCC=CCC,173.242
CCCCCCCC=CC,172.588
CCCCCCC\C=C/C,173.85
CCCCCCC\C=C/C,172.85
CCCC/C=C/CCC,146.825
CCCCC\C=C/CC,148.212
CCCC/C=C/CCC,147.721
CCCCCC=CCC,147.696
CCCC\C=C/CCC,147.365
CCCCCC\C=C/C,150.75
CCCCC\C=C/CC,147.954
CCCCCC\C=C/C,150.75
CCCCCC\C=C\C,150.05
CCCCC\C=C/C,125.076
CCC/C=C/CCC,121.794
CCCC\C=C\CC,125.497
CCCC\C=C\CC,123.3
CCC/C=C/CCC,122.26
CCC\C=C/CCC,122.54
CCCCC\C=C/C,125.64
CCCCC\C=C\C,125.0
CCCC\C=C/CC,122.9
CCC\C=C\CC,95.654
CCCC\C=C\C,97.95
CCCC\C=C\C,97.95
CCCC\C=C/C,98.41
CCC\C=C\CC,95.67
CCC\C=C/CC,95.75
CCC\C=C/C,68.025
CC\C=C\CC,66.62
CC\C=C\CC,67.09
CCC\C=C/C,68.88
CCC\C=C\C,67.87
CC\C=C/CC,66.45
CC\C=C/C,36.357
CC\C=C/C,36.93
CC\C=C\C,36.34
C\C=C/C,3.72
C\C=C\C,0.88
C\C=C/C,3.72
CCCCCCCCCCCCCCCCCCCCCCCCCCCCCCCCCCCCCCC=C,523.0
CCCCCCCCCCCCCCCCCCCCCCCCCCCCCCCCCCC=C,496.0
CCCCCCCCCCCCCCCCCCCCCCCCCCCCC=C,448.0
CCCCCCCCCCCCCCCCCCCCCCCCCCCC=C,434.221
CCCCCCCCCCCCCCCCCCCCCCCCCCC=C,430.0
CCCCCCCCCCCCCCCCCCCCCCCCCC=C,419.407
CCCCCCCCCCCCCCCCCCCCCCCCC=C,411.0
CCCCCCCCCCCCCCCCCCCCCCC=C,390.0
CCCCCCCCCCCCCCCCCCCCCC=C,391.852
CCCCCCCCCCCCCCCCCCCCC=C,367.0
CCCCCCCCCCCCCCCCCCCC=C,369.232
CCCCCCCCCCCCCCCCCCC=C,342.39
CCCCCCCCCCCCCCCCCC=C,329.02
CCCCCCCCCCCCCCCCC=C,314.82
CCCCCCCCCCCCCCCC=C,300.33
CCCCCCCCCCCCCCC=C,284.87
CCCCCCCCCCCCCC=C,268.46
CCCCCCCCCCCCC=C,251.1
CCCCCCCCCCCC=C,232.84
CCCCCCCCCCC=C,213.0
CCCCCCCCCC=C,192.67
CCCCCCCCC=C,170.6
CCCCCCCC=C,146.868
CCCCCCC=C,121.26
CCCCCC=C,93.64
CCCCC=C,63.48
CCCC=C,30.07
CCC=C,-6.24
CC=C,-47.7
C=C,-103.74
CCCCCCCCCCCCCCCCCCC#C,349.842
CCCCCCCCCCCCCCCCCC#C,332.287
CCCCCCCCCCC#CCCCCCC,314.688
CCCCCCCCCCCCC#CCCCC,318.044
CCCCCCCCCCCCCCC#CCC,326.029
CCCCCCCCCC#CCCCCCCC,313.663
CCCCCCCCC#CCCCCCCCC,317.594
CCCCCCCCCCCCCCCCC#C,325.628
CCCCCCCCCCCC#CCCCCC,314.508
CCCCCCCCCCCCCC#CCCC,313.595
CCCCCCCCCCCCCCCC#CC,331.026
CCCCCCCCCCCCCCCC#C,336.056
CCCCCCCCCCCCCC#CC,301.438
CCCCCCCCCCCCCCC#C,291.682
CCCCCCCCCCCCCC#C,280.143
CCCCCCCCC=C(C)C#CC=C,265.539
CCCCCCC#CCCCCCC,259.14
CCC(C)CCC#CCCC(C)CC,237.184
CCCCCCCCCCCC#CC,256.652
CCCCCCCCCCCCC#C,252.489
CCC(C)CCCC#CCC(C)CC,237.184
CC(C)(C)C#CC(C)(C)C(C)(C)C,184.296
CCCCCCCCCCCC#C,243.728
CCCCC#CCC#CCCCC,259.872
C#CCCCCCCCCCC#C,246.092
CC(C)CCC#CCCC(C)C,208.889
CCCCCCCCCC#CC,229.107
CCCCCCCCCCC#C,226.305
CCCCCCCCC#CCC,220.173
CCCCCC#CC(C)(C)CC,200.303
CCCCCC#CCCCCC,212.906
CC(C)(C)C#CC#CC(C)(C)C,218.706
CC(C)(CCC(C)(C)C#C)C#C,163.462
CCCCC#CC#CCCCC,246.974
CCC#CCCCCC#CCC,238.303
CCCCCCCCCC#C,206.399
CCCCCCCCC#CC,205.793
CCCCC#CC(C)(C)CC,177.533
CCCCCC#CCCCC,195.725
CCCCCCCC#CC=C,206.918
C#CCCCCCCCC#C,196.265
CCCCC#CC#CC(C)=C,226.578
C=CCC(CC=C)(C=C)C#C,166.99
C#CC#CC#CC#CC#CC#C,292.22
CC(C)CC#CCC(C)C,158.931
CCCCC#CCCCC,177.851
CCCC#CCCC(C)C,172.113
CCCCC#CC(C)(C)C,153.031
CCCCCCC#CCC,175.493
CC#CC(C)(C)C(C)(C)C,148.186
CC(C)(C)C#CC(C)(C)C,112.447
CCC#CC(C)(CC)CC,155.721
CCCCCC#CCCC,182.37
CCCCCCCCC#C,174.0
CCCCC#CCC(C)=C,169.32
CCCCCCC#CC=C,170.827
CCCCCC\C=C/C#C,178.004
CCCCCCC#CC,161.809
CCCCCC#CCC,156.639
CCC#CC(C)(C)CC,132.361
CCCCC#CCCC,155.669
CC(C)CC#CC(C)C,132.481
CC(C)C#CC(C)(C)C,110.718
CCCCC#CC(C)C,143.483
CCC#CCCC(C)C,151.799
CCCCCCCC#C,150.7
CC#CCCCC#CC,180.09
C#CCCCCCC#C,161.977
CC=C(C)C#CC(C)=C,149.663
CC(C=C)=CC#CC=C,165.517
CCCCC#CCC,133.701
CCCCCC#CC,138.38
CCC#CC(C)(C)C,101.248
CCC(C)(CC)C#C,100.856
CCCC#CCCC,131.549
CCCCCCC#C,126.2
CCCCC#CC=C,132.784
CC#CCCC#CC,143.416
CC(C)(C)C#CC#C,115.869
CCCCC#CC#C,130.693
C#CCCCCC#C,155.131
CCC#CC#CCC,163.489
C=CC=CC#CC=C,141.253
COC(=O)CN1C(=S)SC(=C\c2ccc(cc2)N(C)C)/C1=O,178.219
CCC(C)CC#C,89.706
CCC(C)C#CC,99.514
CC(C)CCC#C,91.567
CCCC#CCC,109.145
CCC#CC(C)C,94.61
CCCCC#CC,112.376
CC#CC(C)(C)C,82.877
CC#CCC(C)C,102.281
CCC(C)(C)C#C,72.913
CCCCCC#C,99.78
CCC=C(C)C#C,92.973
CCCC#CC=C,108.776
CC=C(C)C#CC,98.53
CC#CCCC#C,110.297
C#CCCCC#C,111.49
CC(C)(C#C)C#C,72.481
CC(=C)C#CC=C,105.237
C=CCC#CC#C,91.293
CC#CC(C)C,72.845
CCC(C)C#C,58.581
CC(C)CC#C,61.224
CC(C)(C)C#C,37.72
CCCCC#C,71.33
CCCC#CC,84.52
CCC#CCC,81.2
CCC#CC=C,83.748
C/C=C(/C)C#C,68.974
C=CCCC#C,70.997
CC=CC#CC,86.223
CC/C=C/C#C,72.974
CCC#CC#C,98.219
C=CC#CC=C,86.285
C#CCCC#C,86.021
CC#CC#CC,129.536
CC#CCC#C,80.473
C=C/C=C/C#C,84.973
C#CC#CC#C,85.588
CCC#CC,56.12
CCCC#C,40.18
CC(C)C#C,29.0
C/C=C/C#C,45.903
C/C=C/C#C,51.419
C\C=C/C#C,43.979
C=CCC#C,42.5
CC(=C)C#C,32.25
CC#CC=C,59.25
CC#CC#C,54.975
CCC#C,8.07
CC#CC,26.98
C=CC#C,5.1
C#CC#C,9.736
CC#C,-23.21
C#C,-83.95
CCCCCCCCCCCCCCCCCCCCCCCCCCCCCCCCCC(C)C,498.787
CCCCCCCCCCCCCCCCCCCCCCCCCCCCCCCCC(C)C,490.026
CCCCCCCCCCCCCCCCCCCCCCCCCCCCCCCC(C)C,493.947
CCCCCCCCCCCCC(C)CCCCCCCCCCCC,405.649
CCCCCCCCCCCCCCCCCCCCCC(C)C,382.525
CCCCCCCCCCCCCCCCCCC(C)CCCC,381.313
CCCCCCCCCCCCCCCCCCC(C)CC,359.362
CCCCCCCCCCCCCCCC(C)CCCC,348.564
CCCCCCCCCCCCCCCCCC(C)CC,347.494
CCCCCCCCCCC(C)CCCCCCCCC,353.124
CCCCCCCCCCCCCCCCCC(C)C,335.501
CCCCCCCCCCCCCCC(C)CCCC,337.27
CCCCCCCCCCCCCCCCC(C)CC,338.805
CCCCCCCCCCC(C)CCCCCCC,327.183
CCCCCCCCCCCC(C)CCCCCC,327.183
CCCCCCCCCCCCCCCCC(C)C,323.288
CCCCCCCCCC(C)CCCCCCCC,327.183
CCCCCCCCCCCCC(C)CCCCC,327.183
CCCCCCCCCCCCCCC(C)CCC,323.936
CCCCCCCCCCCCCCCC(C)CC,324.716
CCCCCCCCC(C)CCCCCCCC,318.134
CCCCCCCCCCCCCCCC(C)C,309.879
CCCCCCCCCCCCCCC(C)CC,311.217
CCCCCCCCCCCCC(C)CCCC,309.099
CCCCCCCCCCCCCCC(C)C,296.74
CCCCCCCCCC(C)CCCCCC,288.089
CCCCCCCCCCCCCC(C)CC,295.208
CCCCCCCCCCCCC(C)CCC,295.516
CCCCCCCCCCCC(C)CCC,281.034
CCCCCCCCCC(C)CCCCC,278.076
CCCCCCCCCCCCC(C)CC,284.346
CCCCCCCCCCCCCC(C)C,285.847
CCCCCCCC(C)CCCCCCC,277.71
CCCCCCCCC(C)CCCCCC,280.792
CCCCCCCCCCC(C)CCCC,277.722
CCCCCCCCCCCCC(C)C,268.3
CCCCCCCC(C)CCCCCC,269.981
CCCCCCCCC(C)CCCCC,264.544
CCCCCCCCCC(C)CCCC,263.073
CCCCCCCCCCC(C)CCC,263.946
CCCCCCCCCCCC(C)CC,266.201
CCCCCCC(C)CCCCCC,251.818
CCCCCCCC(C)CCCCC,242.278
CCCCCCCCCC(C)CCC,248.49
CCCCCCCCC(C)CCCC,246.242
CCCCCCCCCCCC(C)C,247.9
CCCCCCCCCCC(C)CC,248.4
Cc1ccc(O)c(NC(=O)c2ccc(cc2)c3ccccc3)c1,227.016
CCCCCCCCC(C)CCC,228.601
CCCCCCCC(C)CCCC,226.467
CCCCCCCCCC(C)CC,230.2
CCCCCCCCCCC(C)C,229.5
CCCCCCC(C)CCCC,207.727
CCCCCCCC(C)CCC,209.979
CCCCCCCC[C@@H](C)CC,205.669
CCCCCCCCC(C)CC,211.2
CCCCCCCCCC(C)C,210.0
CCCCCC(C)CCCC,187.762
CCCCCCC(C)CCC,188.004
CCCCCCCCC(C)C,189.2
CCCCCCCC(C)CC,190.9
CCCCCC[C@@H](C)CC,167.753
CCCCCC[C@@H](C)CC,167.753
CCCCCCC(C)CC,164.52
CCCCCCC(C)CC,167.8
CCCCCCCC(C)C,167.0
CCCCCC(C)CCC,165.7
CCCCC(C)CCCC,165.15
CCCC[C@H](C)CCC,140.982
CCCCC(C)CCC,142.44
CCCCCC(C)CC,144.23
CCCCCCC(C)C,143.3
CCCC[C@@H](C)CC,117.586
CCCCCC(C)C,117.65
CCCC(C)CCC,117.71
CCCCC(C)CC,118.93
CCCC(C)CC,91.544
CCCC(C)CC,91.85
CCCCC(C)C,90.049
CCC(C)CC,63.27
CCCC(C)C,60.26
CCC(C)C,27.844
CC(C)C,-11.72
CCCCCCCCCCCCCCCCC=C(C)C,345.838
CCCCCCCCCCCCCCCCCC(C)=C,345.558
CCCCCCCCCCCCCCCC(C)=CC,337.98
CCCCCCCCCCCCCCC=C(C)C,312.026
CCCCCCCCC(C)=CCCCCCCC,302.332
CCCCCCCCCCCCCC(C)=C,272.342
CCCCCCCCCCCC(C)C=C,255.434
CCCCCCCCCCCC(C)=C,240.344
CCCCCC/C(C)=C/CCCCC,240.501
CCCCCCCCCCC=C(C)C,240.501
CCCCCCCCCC(C)=C,204.546
CCCCCC(C)=CCCCC,205.803
CCCCCC=CCC(C)C,194.106
CCCCCC[C@@H](C)CC=C,183.615
CCCCCC(C)=CCCC,188.235
CCCCCCC(C)CC=C,183.609
CCCCCCC(C)CC=C,180.959
CCCCCC=CC(C)C,160.988
CCCC/C(C)=C/CCC,164.688
CCCCCCC=C(C)C,170.991
CCCCCCCC(C)=C,168.4
CC(C)CCCCCC=C,170.5
CCCCC(C)C=CC,137.582
CCCCCC=C(C)C,145.293
CCCCC=CC(C)C,137.341
CC=CCCCC(C)C,142.533
CCCCCC(C)=CC,145.275
CCCC=C(C)CCC,137.52
CC/C=C/CCC(C)C,141.355
CCCC=CCC(C)C,139.03
CCCCCCC(C)=C,144.65
CC(C)CCCCC=C,135.0
CCCC\C(C)=C\C,122.02
CCCCC(C)C=C,111.336
CCC\C=C\C(C)C,113.125
CC/C=C/CC(C)C,113.956
CC=CCCC(C)C,117.672
CCC/C=C(C)/CC,120.734
CCC\C(C)=C/CC,118.847
CCCC(C)\C=C\C,113.542
CCC(C)CCC=C,113.215
CCC=CCC(C)C,113.758
CCCCC=C(C)C,122.38
CCC(CC)\C=C/C,114.18
CCCCCC(C)=C,119.22
CCC[C@@H](C)CC=C,112.8
CC(C)CCCC=C,113.2
CC(=C)CC(C)(C)C,112.174
CC/C=C/C(C)C,85.856
CCC\C(C)=C/C,97.244
CCC(C)\C=C/C,86.069
C\C=C/CC(C)C,89.84
CC\C=C(C)/CC,95.372
CC\C=C/C(C)C,86.177
CCC(C)\C=C\C,87.608
CCC\C(C)=C\C,94.448
CC/C=C(C)/CC,93.515
CCCC=C(C)C,94.821
CCC\C(C)=C\C,94.561
C/C=C/CC(C)C,88.061
CCCCC(C)=C,91.84
CC(C)CCC=C,85.31
CCC(C)CC=C,86.73
CCCC(C)C=C,83.9
C/C=C/C(C)C,58.6
CC[C@H](C)C=C,53.923
CC\C(C)=C\C,68.415
CCCC(C)=C,62.1
CCC=C(C)C,67.3
CCC(C)C=C,54.18
CC(C)CC=C,53.86
CC\C(C)=C\C,70.438
C\C=C/C(C)C,56.38
C/C=C/C(C)C,58.6
CC\C(C)=C/C,67.7
CC(C)C=C,20.055
CC=C(C)C,38.555
CCC(C)=C,31.155
CC(C)=C,-6.9
