smiles,temp,density,TB
C=C,25,0.00115345786,-103.74
CC=C,25,0.00174339481,-47.7
CCC=C,25,0.00234653451,-6.24
CCCC=C,25,0.634840071,30.07
CCCCC=C,25,0.669333459,63.48
CCCCCC=C,25,0.694981948,93.64
CCCCCCC=C,25,0.712641342,121.26
CCCCCCCCCCCCCCC=C,25,0.778217121,284.87
CCCCCCCCCCCCCCCC=C,25,0.779308718,300.33
CCCCCCCCCCCCCCCCC=C,25,0.781809114,314.82
CCCCCCCCCCCCCCCCCC=C,25,0.785614606,329.02
CCCCCCCCCCCCCCCCCCC=C,25,0.788996006,342.39
CCCCCCCCCCCCCCCCCCCC=C,25,1.01206315,369.232
CCCCCCCCCCCCCCCCCCCCC=C,25,0.787858002,367.0
CCCCCCCCCCCCCCCCCCCCCC=C,25,0.0147223786,391.852
CCCCCCCCCCCCCCCCCCCCCCC=C,25,0.0152607355,390.0
CCCCCCCCCCCCCCCCCCCCCCCCC=C,25,0.0164115646,411.0
CCCCCCCCCCCCCCCCCCCCCCCCCC=C,25,0.0170482598,419.407
CCCCCCCCCCCCCCCCCCCCCCCCCCC=C,25,0.0175591912,430.0
CCCCCCCCCCCCCCCCCCCCCCCCCCCCC=C,25,0.0186994751,448.0
CCCCCCCCCCCCCCCCCCCCCCCCCCCCCCCCCCC=C,25,0.0221172655,496.0
CCCCCCCCCCCCCCCCCCCCCCCCCCCCCCCCCCCCCCC=C,25,0.0243768118,523.0
CCCCCCCC=C,25,0.726240576,146.868
CCCCCCCCC=C,25,0.737939849,170.6
CCCCCCCCCC=C,25,0.747091211,192.67
CCCCCCCCCCC=C,25,0.755147241,213.0
CCCCCCCCCCCC=C,25,0.761904014,232.84
CCCCCCCCCCCCC=C,25,0.775656826,251.1
CCCCCCCCCCCCCC=C,25,0.776622873,268.46
CCCCC\C=C/C,25,0.707951731,125.076
CCCC\C=C\CC,25,0.690998497,125.497
CCC/C=C/CCC,25,0.698368719,121.794
CCCCCC\C=C\C,25,0.0373750326,150.05
CCCCCC\C=C/C,25,0.0373835025,150.75
CCCC\C=C/CCC,25,0.0372593317,147.365
CCCCC\C=C/CC,25,0.740585569,148.212
CCCCC\C=C/CC,25,0.760675616,148.212
CCCC/C=C/CCC,25,0.750412231,146.825
CCCCCC=CCC,25,0.718220969,147.696
CCCC/C=C/CCC,25,0.718729023,146.825
CCCCCC\C=C\C,25,0.72457272,150.05
CCCCCCC\C=C/C,25,0.696969707,173.85
CCCCCCC\C=C/C,25,0.699945836,173.85
CCCCCC\C=C/CC,25,0.701902522,171.291
CCCC\C=C\CCCC,25,0.694166138,170.624
CCCCCCC=CCC,25,0.701186745,173.242
CCCCCCCC=CC,25,0.691343282,172.588
CCCC\C=C\CCCC,25,0.70184417,170.624
CCCCCC\C=C\CC,25,0.702652204,171.406
CCCCC\C=C\CCC,25,0.702134756,170.786
CCCC\C=C\CCCC,25,0.750798778,170.624
CCCCC\C=C/CCC,25,0.739054203,170.673
CCCCCC=CCCC,25,0.734377692,171.336
C\C=C/C,25,0.00234969117,3.72
C\C=C\C,25,0.0441440161,0.88
C\C=C\C,25,0.00235020516,0.88
CC\C=C\C,25,0.64292439,36.34
CC\C=C/C,25,0.654185924,36.357
CC\C=C/C,25,0.634821383,36.357
CCC\C=C/C,25,0.682000068,68.025
CCC\C=C\C,25,0.673417473,67.87
CC\C=C/CC,25,0.725050339,66.45
CC\C=C\CC,25,0.723397249,66.62
CC\C=C\CC,25,0.687110287,66.62
CCC\C=C/C,25,0.665566026,68.025
CCC\C=C\CC,25,0.693754041,95.654
CCC\C=C/CC,25,0.698494606,95.75
CCCC\C=C/C,25,0.703100424,98.41
CCCC\C=C\C,25,0.735428773,97.95
CCCC\C=C\C,25,0.721307894,97.95
CCC\C=C\CC,25,0.717972733,95.654
CCCCC\C=C\C,25,0.746171083,125.0
CCCCC\C=C\C,25,0.748898303,125.0
CCC\C=C/CCC,25,0.746272099,122.54
CCCC\C=C\CC,25,0.744704153,125.497
CCC/C=C/CCC,25,0.743897569,121.794
CCCC\C=C/CC,25,0.746483846,122.9
CCCCCCC\C=C/CC,25,0.776545055,190.17
CCCCCC\C=C/CCC,25,0.776545055,190.17
CCCCCC=CCCCC,25,0.772182526,192.34
CCCCC\C=C/CCCC,25,0.0783781754,190.17
CCCCCCC/C=C/CC,25,0.0783781754,190.17
CCCCC\C=C\CCCC,25,0.0783781754,190.17
CCCCCCC=CCCC,25,0.0781637671,189.201
CCCCCCCC\C=C/C,25,0.682000068,187.988
CCCCCC\C=C\CCC,25,0.682000068,190.17
CCCCCCCC\C=C\C,25,0.718220969,187.988
CCCCCCCC\C=C\C,25,0.718220969,187.988
CCCCCCCCC\C=C/C,25,0.718220969,217.85
CCCCCCCCC/C=C/C,25,0.76308155,217.85
CCCCCC/C=C/CCCC,25,0.00268454465,214.118
CCCCC\C=C/CCCCC,25,0.00268454465,210.297
CCCCCCC/C=C/CCC,25,0.795155227,214.118
CCCCCCCC=CCCC,25,0.728106341,228.34
CCCCCCCCCC=CC,25,0.762546136,214.118
CCCCCCC\C=C/CCC,25,0.795155227,214.118
CC1(OC2CC3C4CCC5=CC(=O)CCC5(C)C4(F)C(O)CC3(C)C2(O1)C(=O)CBr)c6ccccc6,25,0.795155227,214.118
CCCCC/C=C/CCCCC,25,0.761677718,213.712
CCCCCCCC\C=C\CC,25,0.721829259,231.021
CCCCC\C=C\CCCCC,25,0.821615287,213.449
CCCCCC\C=C/CCCCC,25,0.755818395,228.607
CCCCCC\C=C\CCCCCC,25,0.785112354,244.278
CCCCCCCCCCCC=CC,25,0.792407896,247.299
CCCCCCCCCCCC/C=C/C,25,0.783980384,263.85
CCCCCCCC=CCCCCCC,25,0.78775907,264.057
CCCCCCCCCCCCC=CC,25,0.806996884,265.364
CCCCCCCCCCCCCC=CC,25,0.811175017,280.352
CCCCCCCCCC=CCCCCC,25,0.810707363,280.352
CCCCCCCCC=CCCCCCCC,25,0.86160306,291.597
CCCCCCCCCCCCC/C=C/CCC,25,0.812205708,311.387
CCCCCCCC/C=C/CCCCCCCC,25,0.0040814347,318.941
CCCCCCCCC\C=C/CCCCCCC,25,0.816672995,311.541
CCCCCCCCCC\C=C/CCCCCC,25,0.816778564,309.238
CCCCCCCCCCC\C=C/CCCCC,25,0.809130384,312.302
CCCCCCCCCCCC\C=C/CCCC,25,0.808298926,311.499
CCCCCCCCCCCCCCC\C=C/C,25,0.0040814347,312.992
CCCCCCCC\C=C/CCCCCCCC,25,0.708025766,314.972
CCCCCCCCCCC/C=C/CCCCC,25,0.814160064,310.568
CCCCCCCCCC/C=C/CCCCCC,25,0.784966193,309.538
CCCCCCCCCCCCCCCCC/C=C/C,25,0.806598376,348.763
CCCCCCCCCCCCCCCCC/C=C/C,25,0.00453751829,348.763
CCCCCCCCCCCCC\C=C\CCCCCCCC,25,0.00453751829,379.547
CCCCCCCCCCCCC\C=C/CCCCCCCC,25,0.00453751829,378.743
C#C,25,1.07095059,-83.95
CC#C,25,1.6614654,-23.21
C#CC#C,25,687.344199,9.736
C=CC#C,25,772.130295,5.1
CC#CC,25,770.059927,26.98
CCC#C,25,755.810135,8.07
CC#CC#C,25,729.670967,54.975
CC#CC=C,25,730.676094,59.25
C=CCC#C,25,724.328891,42.5
CC(=C)C#C,25,728.56718,32.25
C\C=C/C#C,25,721.959376,43.979
C/C=C/C#C,25,741.885245,45.903
C/C=C/C#C,25,742.636606,45.903
CCCC#C,25,700.299762,40.18
CCC#CC,25,720.645736,56.12
CC(C)C#C,25,680.181772,29.0
C#CC#CC#C,25,603.0631,85.588
CC#CCC#C,25,745.617097,80.473
C=C/C=C/C#C,25,718.078687,84.973
CC#CC#CC,25,689.957433,129.536
C=CC#CC=C,25,717.056912,86.285
CCC#CC#C,25,714.625583,98.219
C#CCCC#C,25,764.759677,86.021
C/C=C(/C)C#C,25,743.223829,68.974
CCC#CC=C,25,718.29723,83.748
CC=CC#CC,25,714.7862,86.223
C=CCCC#C,25,702.946844,70.997
CC/C=C/C#C,25,693.999082,72.974
CCCCC#C,25,711.559216,71.33
CC(C)(C)C#C,25,664.403841,37.72
CCC#CCC,25,718.036059,81.2
CCCC#CC,25,726.991951,84.52
CC#CC(C)C,25,728.150012,72.845
CC(C)CC#C,25,717.455807,61.224
C#CCCCCCC#C,25,810.525926,161.977
CC=C(C)C#CC(C)=C,25,832.797357,149.663
CC#CCCCC#CC,25,8.52054735,180.09
CCCCCCCC#C,25,8.74607874,150.7
CC(C)CC#CC(C)C,25,8.604685,132.481
CCCCCCC#CC,25,779.353533,161.809
CC(C)C#CC(C)(C)C,25,651.725398,110.718
CCCCC#CC(C)C,25,715.460604,143.483
CCCCCC#CCC,25,663.62867,156.639
CCC#CCCC(C)C,25,744.256466,151.799
CCCCC#CCCC,25,767.883879,155.669
CCC#CC(C)(C)CC,25,739.092493,132.361
CCCCC#CCC(C)=C,25,769.80418,169.32
CCCCCCC#CC=C,25,819.555554,170.827
CCCCCC\C=C/C#C,25,819.005991,178.004
CCCCCCCCC#C,25,762.992645,174.0
CCCCCCC#CCC,25,813.45126,175.493
CCC#CC(C)(CC)CC,25,798.152518,155.721
CCCC#CCCC(C)C,25,816.998152,172.113
CC(C)CC#CCC(C)C,25,797.620104,158.931
CCCCC#CC(C)(C)C,25,792.044502,153.031
CCCCCC#CCCC,25,828.33979,182.37
CCCCC#CCCCC,25,818.34707,177.851
CC(C)(C)C#CC(C)(C)C,25,720.318071,112.447
CC#CC(C)(C)C(C)(C)C,25,850.722206,148.186
C#CC#CC#CC#CC#CC#C,25,959.397849,292.22
C=CCC(CC=C)(C=C)C#C,25,813.650622,166.99
CCCCC#CC#CC(C)=C,25,730.119481,226.578
C#CCCCCCCCC#C,25,814.141725,196.265
CCCCCCCC#CC=C,25,836.092813,206.918
CCCCCC#CCCCC,25,770.916803,195.725
CCCCCCCCCC#C,25,768.334781,206.399
CCCCCCCCC#CC,25,794.304825,205.793
CCC(C)C#C,25,693.96188,58.581
CC(C)(C#C)C#C,25,3.99158082,72.481
CC(=C)C#CC=C,25,4.8015855,105.237
C#CCCCC#C,25,817.501018,111.49
CC#CCCC#C,25,742.296846,110.297
CCC=C(C)C#C,25,790.948991,92.973
CC=C(C)C#CC,25,726.857599,98.53
CCCC#CC=C,25,739.53,108.776
CCCCCC#C,25,737.091196,99.78
CCC(C)C#CC,25,735.024912,99.514
CC#CCC(C)C,25,731.637778,102.281
CCCC#CCC,25,750.375814,109.145
CC(C)CCC#C,25,704.18825,91.567
CC#CC(C)(C)C,25,688.749961,82.877
CCCCC#CC,25,745.201792,112.376
CCC(C)(C)C#C,25,715.797969,72.913
CCC(C)CC#C,25,699.515947,89.706
COC(=O)CN1C(=S)SC(=C\c2ccc(cc2)N(C)C)/C1=O,25,624.560448,178.219
C=CC=CC#CC=C,25,725.269536,141.253
CCC#CC#CCC,25,820.290729,163.489
C#CCCCCC#C,25,791.543008,155.131
CC#CCCC#CC,25,832.624922,143.416
CCCCC#CC#C,25,817.637544,130.693
CCCCC#CC=C,25,741.09615,132.784
CCCCCCC#C,25,737.466916,126.2
CCCC#CCCC,25,802.96531,131.549
CCCCC#CCC,25,740.904491,133.701
CCC(C)(CC)C#C,25,775.856099,100.856
CCCCCC#CC,25,807.721486,138.38
CCC#CC(C)(C)C,25,737.365248,101.248
CC(C=C)=CC#CC=C,25,777.667594,165.517
CCCCC#CC(C)(C)CC,25,751.685894,177.533
CC(C)(C)C#CC#CC(C)(C)C,25,736.0662,218.706
CCCCC#CC#CCCCC,25,831.319492,246.974
CC(C)(CCC(C)(C)C#C)C#C,25,783.089435,163.462
CCC#CCCCCC#CCC,25,849.753787,238.303
CC(C)CCC#CCCC(C)C,25,801.454712,208.889
CCCCCCCCCC#CC,25,814.687422,229.107
CCCCCC#CC(C)(C)CC,25,765.887967,200.303
CCCCCCCCCCC#C,25,776.523052,226.305
CCCCCCCCC#CCC,25,766.392523,220.173
CCCCCC#CCCCCC,25,771.939828,212.906
CCCCC#CCC#CCCCC,25,743.012635,259.872
C#CCCCCCCCCCC#C,25,812.259755,246.092
CCCCCCCCCCCC#C,25,784.22487,243.728
CC(C)(C)C#CC(C)(C)C(C)(C)C,25,746.459992,184.296
CCCCCCCCCCCCC#C,25,857.475137,252.489
CCCCCCC#CCCCCCC,25,874.46416,259.14
CCCCCCCCCCCC#CC,25,776.2825,256.652
CCCCCCCCC=C(C)C#CC=C,25,847.083139,265.539
CCCCCCCCCCCCCC#C,25,924.060579,280.143
CCCCCCCCCCCCCC#CC,25,873.036765,301.438
CCCCCCCCCCCCCCC#C,25,741.426229,291.682
CCCCCCCCCCCCCCCC#C,25,799.76592,336.056
CCCCCCCCCCCCCC#CCCC,25,755.989126,313.595
CCCCCCCCCCCC#CCCCCC,25,756.273755,314.508
CCCCCCCCCCCCCCC#CCC,25,756.848219,326.029
CCCCCCCCC#CCCCCCCCC,25,741.545959,317.594
CCCCCCCCCC#CCCCCCCC,25,746.745489,313.663
CCCCCCCCCCC#CCCCCCC,25,743.285261,314.688
CCCCCCCCCCCCC#CCCCC,25,747.520713,318.044
CCCCCCCCCCCCCCCC#CC,25,763.623253,331.026
CCCCCCCCCCCCCCCCC#C,25,726.528682,325.628
CCCCCCCCCCCCCCCCCC#C,25,789.947584,332.287
CCCCCCCCCCCCCCCCCCC#C,25,750.904301,349.842
CCCCCCCC(C)CCCCCC,25,769.843803,269.981
CCCCCCCCCCCCC(C)C,25,797.374168,268.3
CCCCCCCCCCC(C)CCC,25,785.725745,263.946
CCCCCCCC(C)CCCCCCC,25,804.553699,277.71
CCCCCCCCCCCC(C)CCC,25,750.001092,281.034
CCCCCCCCC(C)CCCCCC,25,726.345091,280.792
CCCCCCCCCCC(C)CCCC,25,716.360429,277.722
CCCCCCCCCCCCC(C)CC,25,701.513819,284.346
CCCCCCCCCCCCCC(C)C,25,696.804698,285.847
CCCCCCCCCC(C)CCCCC,25,700.237173,278.076
CCCCCCCCCCCCCC(C)CC,25,680.280857,295.208
CCCCCCCCCC(C)CCCCCC,25,698.944077,288.089
CCCCCCCCCCCCC(C)CCC,25,690.612354,295.516
CCCCCCCCCCCCCCC(C)C,25,707.834173,296.74
CCCCCCCCCCCCCCC(C)CC,25,682.102743,311.217
CCCCCCCCC(C)CCCCCCCC,25,838.110002,318.134
CCCCCCCCCCCCCCCC(C)C,25,783.979732,309.879
CCCCCCCCCCCCC(C)CCCC,25,781.485497,309.099
CCCCCCCCCCCCCCCC(C)CC,25,703.639097,324.716
CCCCCCCCCCCCCCCCC(C)C,25,730.034091,323.288
CCCCCCCCCC(C)CCCCCCCC,25,770.495237,327.183
CCCCCCCCCCCCCCC(C)CCC,25,766.558482,323.936
CCCCCCCCCCCCC(C)CCCCC,25,770.57378,327.183
CCCCCCCC(C)CC,25,738.619545,190.9
CCCCCCCCC(C)C,25,732.896024,189.2
CCCCCC(C)CCCC,25,715.740614,187.762
CCCCCCC(C)CCC,25,691.121402,188.004
CCCCCCCCC(C)CC,25,747.565151,211.2
CCCCCCCCCC(C)C,25,741.759719,210.0
CCCCCCC(C)CCCC,25,683.523311,207.727
CCCCCCCC(C)CCC,25,745.926979,209.979
CCCCCCCC[C@@H](C)CC,25,2.71596716,205.669
CCCCCCCCCC(C)CC,25,754.780229,230.2
CCCCCCCC(C)CCCC,25,763.786843,226.467
Cc1ccc(O)c(NC(=O)c2ccc(cc2)c3ccccc3)c1,25,750.279136,227.016
CCCCCCCCC(C)CCC,25,564.19014,228.601
CCCCCCCCCCCC(C)C,25,756.490122,247.9
CCCCCCCCCCC(C)CC,25,761.314449,248.4
CCCCCCCC(C)CCCCC,25,767.194761,242.278
CCCCCCC(C)CCCCCC,25,723.33456,251.818
CCCCCCCCC(C)CCCC,25,728.399768,246.242
CCCCCCCCCC(C)CCC,25,745.82926,248.49
CCCCCCCCC(C)CCCCC,25,788.510558,264.544
CCCCCCCCCC(C)CCCC,25,728.747865,263.073
CCCCCCCCCCCC(C)CC,25,704.175679,266.201
CC(C)C,25,2.43214074,-11.72
CCC(C)C,25,669.841221,27.844
CCC(C)C,25,669.841221,27.844
CCCC(C)C,25,648.295612,60.26
CCC(C)CC,25,660.772986,63.27
CCCCC(C)C,25,676.435504,90.049
CCCC(C)CC,25,693.636966,91.544
CCCC(C)CC,25,1.58578048,91.544
CCCC(C)CCC,25,698.944077,117.71
CCCCCC(C)C,25,695.278956,117.65
CCCCC(C)CC,25,698.320048,118.93
CCCC[C@@H](C)CC,25,698.944077,117.586
CCCCC(C)CCC,25,698.944077,142.44
CCCCCC(C)CC,25,701.325662,144.23
CCCCCCC(C)C,25,699.223529,143.3
CCCC[C@H](C)CCC,25,698.944077,140.982
CCCCCCCC(C)C,25,698.944077,167.0
CCCCCC(C)CCC,25,728.20137,165.7
CCCCC(C)CCCC,25,728.564784,165.15
CCCCCCC(C)CC,25,729.310252,164.52
CCCCCC[C@@H](C)CC,25,2.26089644,167.753
CCCCCCC(C)CC,25,2.26089644,164.52
CCCCCCCCCCCC(C)CCCCCC,25,800.260824,327.183
CCCCCCCCCCC(C)CCCCCCC,25,797.789215,327.183
CCCCCCCCCCCCCCCCCC(C)C,25,656.609468,335.501
CCCCCCCCCCCCCCC(C)CCCC,25,693.229924,337.27
CCCCCCCCCCCCCCCCC(C)CC,25,717.651952,338.805
CCCCCCCCCCCCCCCCCC(C)CC,25,534.714801,347.494
CCCCCCCCCCCCCCCC(C)CCCC,25,789.42446,348.564
CCCCCCCCCCC(C)CCCCCCCCC,25,824.528325,353.124
CCCCCCCCCCCCCCCCCCC(C)CC,25,707.711585,359.362
CCCCCCCCCCCCCCCCCCCCCC(C)C,25,797.423717,382.525
CCCCCCCCCCCCCCCCCCC(C)CCCC,25,636.810953,381.313
CCCCCCCCCCCCC(C)CCCCCCCCCCCC,25,820.843521,405.649
CCC(C)\C=C/C,25,666.156584,86.069
CC/C=C(C)/CC,25,689.692611,93.515
CCC(C)\C=C\C,25,666.247714,87.608
CC/C=C/C(C)C,25,651.240556,85.856
C\C=C/CC(C)C,25,668.691169,89.84
CC\C=C(C)/CC,25,678.744301,95.372
CCC\C(C)=C/C,25,679.333133,97.244
CCC\C(C)=C\C,25,618.791352,94.448
CC\C=C/C(C)C,25,658.882674,86.177
CCCC=C(C)C,25,657.918532,94.821
CCC\C(C)=C\C,25,1.55343057,94.448
C/C=C/CC(C)C,25,1.55343057,88.061
CC(C)CCCC=C,25,1.55343057,113.2
CC(=C)CC(C)(C)C,25,712.572923,112.174
CCC[C@@H](C)CC=C,25,712.868401,112.8
CCCCCC(C)=C,25,716.304025,119.22
CCC/C=C(C)/CC,25,725.238651,120.734
CC/C=C/CC(C)C,25,679.703354,113.956
CCCCC(C)C=C,25,708.547919,111.336
CCCC\C(C)=C\C,25,722.168512,122.02
CCCC(C)\C=C\C,25,664.478649,113.542
CCC\C=C\C(C)C,25,665.088933,113.125
CCC=CCC(C)C,25,675.316226,113.758
CCCCC=C(C)C,25,687.35618,122.38
CCC(CC)\C=C/C,25,681.882422,114.18
CC=CCCC(C)C,25,681.880284,117.672
CCC\C(C)=C/CC,25,694.164725,118.847
CCC(C)CCC=C,25,683.832516,113.215
CC(C)CCCCC=C,25,710.304383,135.0
CCCCCCC(C)=C,25,693.467484,144.65
CCCCC(C)C=CC,25,687.551732,137.582
CCCC=C(C)CCC,25,702.1972,137.52
CCCCCC(C)=CC,25,699.819604,145.275
CCCCCC=C(C)C,25,683.574681,145.293
CCCC=CCC(C)C,25,738.625478,139.03
CC=CCCCC(C)C,25,718.245148,142.533
CC/C=C/CCC(C)C,25,698.807171,141.355
CCCCC=CC(C)C,25,693.141886,137.341
CC(C)=C,25,14.3969997,-6.9
CC(C)C=C,25,675.267014,20.055
CC=C(C)C,25,696.476316,38.555
CCC(C)=C,25,711.472482,31.155
CC\C(C)=C/C,25,722.77791,67.7
CCCC(C)=C,25,718.009765,62.1
CCC=C(C)C,25,682.371972,67.3
CCC(C)C=C,25,672.797813,54.18
CC\C(C)=C\C,25,687.864132,68.415
C/C=C/C(C)C,25,673.749172,58.6
CC(C)CC=C,25,671.332855,53.86
C\C=C/C(C)C,25,674.043906,56.38
C/C=C/C(C)C,25,673.749172,58.6
CC\C(C)=C\C,25,692.740882,68.415
CC[C@H](C)C=C,25,679.333133,53.923
CCCC(C)C=C,25,688.350019,83.9
CC(C)CCC=C,25,687.648196,85.31
CCC(C)CC=C,25,694.204658,86.73
CC(C)CCCCCC=C,25,811.775173,170.5
CCCCCCCC(C)=C,25,741.272512,168.4
CCCC/C(C)=C/CCC,25,760.131953,164.688
CCCCCC=CC(C)C,25,685.903938,160.988
CCCCCCC=C(C)C,25,687.943465,170.991
CCCCCC(C)=CCCC,25,707.085621,188.235
CCCCCCC(C)CC=C,25,705.200331,183.609
CCCCCC=CCC(C)C,25,681.407777,194.106
CCCCCC[C@@H](C)CC=C,25,668.691169,183.615
CCCCCC(C)=CCCCC,25,668.691169,205.803
CCCCCCCCCC(C)=C,25,765.275784,204.546
CCCCCCCCCCC=C(C)C,25,771.100409,240.501
CCCCCC/C(C)=C/CCCCC,25,772.236973,240.501
CCCCCCCCCCCC(C)=C,25,800.176453,240.344
CCCCCCCCCCCC(C)C=C,25,801.121586,255.434
CCCCCCCCCCCCCC(C)=C,25,827.768395,272.342
CCCCCCCCC(C)=CCCCCCCC,25,837.000825,302.332
CCCCCCCCCCCCCCC=C(C)C,25,770.21392,312.026
CCCCCCCCCCCCCCCC(C)=CC,25,833.140089,337.98
CCCCCCCCCCCCCCCCC=C(C)C,25,817.479082,345.838
CCCCCCCCCCCCCCCCCC(C)=C,25,812.657031,345.558
C,25,0.648354393,-161.49
CC,25,1.22221388,-88.6
CCC,25,1.80574123,-42.04
CCCC,25,82.9108655,-0.5
CCCCC,25,628.538717,36.07
CCCCCC,25,657.637707,68.73
CCCCCCC,25,682.435542,98.43
CCCCCCCC,25,702.509472,125.68
CCCCCCCCC,25,716.613402,150.82
CCCCCCCCCC,25,727.645137,174.155
CCCCCCCCCCCCC,25,703.362432,235.466
CCCCCCCCCCCCCC,25,713.440008,253.577
CCCCCCCCCCCCCCC,25,719.939318,270.685
CCCCCCCCCCCCCCCC,25,778.528363,286.864
CCCCCCCCCCCCCCCCC,25,772.194826,302.15
CCCCCCCCCCCCCCCCCC,25,776.166581,316.71
CCCCCCCCCCCCCCCCCCC,25,779.99704,329.9
CCCCCCCCCCCCCCCCCCCC,25,782.634786,343.78
CCCCCCCCCCCCCCCCCCCCC,25,786.142022,356.5
CCCCCCCCCCCCCCCCCCCCCCC,25,713.820656,380.2
CCCCCCCCCCCCCCCCCCCCCCCC,25,712.625069,391.3
CCCCCCCCCCCCCCCCCCCCCCCCC,25,725.816688,401.9
CCCCCCCCCCCCCCCCCCCCCCCCCC,25,731.522713,412.2
CCCCCCCCCCCCCCCCCCCCCCCCCCCCC,25,777.755489,440.8
CCCCCCCCCCCCCCCCCCCCCCCCCCCCCC,25,778.708879,449.7
CCCCCCCCCCCCCCCCCCCCCCCCCCCCCCCC,25,805.192971,465.7
CCCCCCCCCCCCCCCCCCCCCCCCCCCCCCCCC,25,765.570385,479.348
CCCCCCCCCCCCCCCCCCCCCCCCCCCCCCCCCCC,25,807.679499,491.447
CCCCCCCCCCCCCCCCCCCCCCCCCCCCCCCCCCCC,25,781.877364,497.0
CCCCCCCCCCCCCCCCCCCCCCCCCCCCCCCCCCCCC,25,809.252597,516.455
CCCCCCCCCCCCCCCCCCCCCCCCCCCCCCCCCCCCCC,25,809.854412,522.527
CCCCCCCCCCCCCCCCCCCCCCCCCCCCCCCCCCCCCCCC,25,822.592029,530.827
CCCCCCCCCCCCCCCCCCCCCCCCCCCCCCCCCCCCCCCCCCCCCCCCCC,25,849.960682,587.04
CCCCCCCCCCCCCCCCCCCCCCCCCCCCCCCCCCCCCCCCCCCCCCCCCCCCCCCCCCCC,25,768.936941,628.931
CCCCCCCCCCCCCCCCCCCCCCCCCCCCCCCCCCCCCCCCCCCCCCCCCCCCCCCCCCCCCCCC,25,850.07159,644.914
CCCC(CCC)CCC,25,729.930527,161.817
CCC(CC)C(C)(C)CC,25,727.032811,154.585
CCC(CC)C(C)C(C)C,25,730.725202,157.308
CCCCCC(CC)CC,25,760.259529,165.257
CCC(CC(C)C)C(C)C,25,729.981188,151.637
CCC(C)C(CC)C(C)C,25,730.725202,157.308
CCCC(C)(CC)C(C)C,25,725.479918,151.593
CCCC(CC)C(C)(C)C,25,728.975189,153.147
CCCC(C)CC(C)(C)C,25,710.90359,149.541
CC(C)C(C)CC(C)(C)C,25,709.702155,147.925
CCC(C)C(C)(CC)CC,25,725.84787,154.505
CCC(C)(C)CC(C)(C)C,25,716.23618,149.715
CC(C(C)(C)C)C(C)(C)C,25,773.800467,159.278
CC(C)C(C)(C)C(C)(C)C,25,764.552345,166.04
CCCCC(C)C(C)(C)C,25,736.02738,162.085
CCCCC(C)(C)C(C)(C)C,25,740.022447,179.595
CCCC(C)(CC)CC(C)C,25,2.48601728,168.991
CC(C)CCCC(C)C(C)C,25,2.48601728,174.918
CC(C)CC(C)(C)CC(C)C,25,709.952361,166.672
CC(C)CC(C)(C)C(C)(C)C,25,729.892834,172.983
CCCCC(C)(C)CC(C)C,25,714.43887,173.235
CCC(C)(C)CCC(C)(C)C,25,720.21532,167.117
CCCC(C)(CC)CC(C)C,25,686.024863,168.991
CC(C)CCC(C)CC(C)C,25,718.952665,170.1
CCC(C)C(C)(C)CC,25,709.907959,139.441
CCC(C)CC(C)(C)C,25,712.70325,126.55
CCCC(CC)CCC,25,693.792253,141.083
CCCC(C)(C)C(C)C,25,701.56116,137.134
CC(C)(C)CCC(C)(C)C,25,715.663313,137.46
CCC(C)CC(C)(C)CC,25,738.997863,155.68
CCCC(C)(C)C(C)(C)C,25,760.826568,160.31
CCCC(C)C(C)C(C)C,25,730.039792,155.986
CCCC(C)C(C)(C)CC,25,733.294249,162.168
CCC(C)(C)C(C)(C)CC,25,757.325824,170.134
CCC(C)CCC(C)(C)C,25,741.941645,153.415
CCC(C)(C)CCC(C)C,25,731.405021,152.785
CC(C)CC(C)CC(C)C,25,730.426883,146.667
CCC(C)C(C)CC(C)C,25,740.990201,153.439
CCCC(C)(C)CC(C)C,25,728.015099,150.638
CCC(CC)(CC)C(C)C,25,733.68934,151.644
CC(C)CCC(C)C(C)C,25,713.731284,155.692
CCC(C)CC(C)C(C)C,25,718.754106,159.7
CC(C)CCCC(C)(C)C,25,690.24894,149.003
CCCCC(C)(C)C(C)C,25,724.628474,160.088
CCCC(C)(C)C(C)CC,25,733.294249,162.168
CCCCC(CC)CCC,25,722.2723,163.356
CCC(C)(CC)C(C)(C)C,25,726.540899,169.348
CCC(CC)CC(C)(C)C,25,722.055372,146.983
CCC(C)C(C)C(C)CC,25,730.725202,157.308
CC(CC(C)(C)C)C(C)(C)C,25,738.133682,164.669
CCCCC(C)CC(C)(C)C,25,722.124598,169.996
CC(C)CC(C)CC(C)(C)C,25,698.366698,161.971
CCC(C)CC(C)(CC)CC,25,718.391432,179.953
CCCC(C)(C)CC(C)(C)C,25,706.034502,169.96
CCCCCCC(CC)CC,25,744.738884,185.567
CCC(C)(C)CC(C)(C)CC,25,712.509373,179.082
CC(C)C(C)(C)CC(C)(C)C,25,719.274116,170.405
CCCCCC(CC)CCC,25,765.962218,184.923
CCC(C)CC(C)CC(C)C,25,685.248793,169.161
CCCCC(CCC)CCC,25,733.509877,184.092
CCCCC(CC)CCCC,25,742.25266,180.524
CCCCCC(CC)CCCC,25,772.431759,205.939
CCCC(C)(C)CCCC(C)C,25,776.783452,193.761
CCC(C)(C)CCC(C)(C)CC,25,741.339027,189.953
CC(C)CCC(C)CCC(C)C,25,731.294976,190.53
CCCCCCCC(CC)CC,25,766.233341,204.496
CC(C)CCC(C(C)C)C(C)C,25,741.310685,190.708
CCCCC(CCC)CCCC,25,739.509815,205.628
CCCC(CC(C)C)CC(C)C,25,779.702022,187.83
CC(CC(C)(C)C)CC(C)(C)C,25,726.540948,177.829
CC(C)(C)CC(C)(C)C(C)(C)C,25,693.602418,189.447
CCC(C)(C)CCCC(C)(C)C,25,739.201012,182.796
CC(C)CC(C)(C)CC(C)(C)C,25,743.391787,185.322
CC(C)(C)CCCCC(C)(C)C,25,718.833905,186.214
CCC(CC)CC,25,694.970615,93.47
CC(C)C(C)(C)C,25,690.192341,80.88
CCC(C)(CC)CC,25,723.686176,118.27
CCCC(CC)CC,25,720.82892,118.54
CCC(CC)C(C)C,25,741.910538,115.65
CC(C)C(C)C(C)C,25,737.432334,113.47
CCC(C)(C)C(C)C,25,738.623385,114.77
CC(C)CC(C)(C)C,25,723.761731,99.238
CC(C)(C)C(C)(C)C,25,732.868157,106.29
CCC(C)C(C)(C)C,25,722.425093,109.845
CCC(CC)(CC)CC,25,749.393011,146.19
CC(C)CCC(C)(C)C,25,728.768993,124.09
CCC(CC)C(C)(C)C,25,729.986348,133.84
CC(C)C(C)(C)C(C)C,25,737.573844,141.55
CCC(C)(C)CC(C)C,25,726.644137,130.66
CCC(C(C)C)C(C)C,25,732.755989,136.72
CC(C)C(C)C(C)(C)C,25,735.1618,133.03
CC(C)(C)CC(C)(C)C,25,715.581827,122.29
CCCCC(CC)CC,25,722.423165,143.2
CCC(C)(C)C(C)(C)C,25,752.959904,140.29
CC[C@@H](C)[C@H](C)C(C)C,25,2.03415802,134.667
CCC(C)C(C)C(C)C,25,720.21532,138.578
CCCC(C)C(C)(C)C,25,614.936879,133.65
CC(C)CC(C)C(C)C,25,716.778599,130.826
CC[C@H](C)[C@H](C)C(C)C,25,739.201012,134.667
CCC(C)(CC)C(C)C,25,739.201012,141.582
CCCC(C)CC(C)CC(C)C,25,658.721796,187.3
CCCC(C)(CCC)C(C)(C)C,25,790.198923,192.223
CC(C)C(C)CC(C)C(C)(C)C,25,756.326013,188.799
CC(C(C)C(C)(C)C)C(C)(C)C,25,780.536031,191.5
CCC(C)C(C)CC(C)C(C)C,25,770.557505,193.521
CCC(C)CC(C)(CC)C(C)C,25,762.85091,197.859
CC(C)C(C)CCC(C)C(C)C,25,744.220792,197.621
CC(C)CCC(C)(C)CC(C)C,25,738.646937,183.565
CC(C)CC(C)C(C)CC(C)C,25,765.676854,186.247
CCCC(C)(CC)CC(C)CC,25,749.093271,189.351
CCCCCC(C)CC(C)(C)C,25,773.021465,189.493
CC(C)CC(C)CCC(C)(C)C,25,780.322974,190.729
CC(C)(C)C(C(C)(C)C)C(C)(C)C,25,754.482015,217.585
CCC(CC)CC(C)CC(C)(C)C,25,831.833238,203.53
CCCC(C)(C)CC(C)(C)CCC,25,803.822112,214.696
CCCCCCC(CCC)CCC,25,820.536937,220.847
CCCCC(C)(CC)CC(C)CC,25,838.776892,213.508
CCC(C)(CC)CC(C)(CC)CC,25,805.600758,227.22
CCCCC(CCCC)CCCC,25,768.705487,221.683
CC(CCC(C)(C)C)CC(C)(C)C,25,835.341965,197.566
CC(C)CCCC(C)CCC(C)C,25,820.393178,211.107
CCCCC(C)CC(C)CC(C)C,25,745.416062,205.519
CCC(C)CCC(C)CC(C)CC,25,856.245859,211.565
CCCCCCCCCC(CC)CC,25,800.643173,247.95
CC(C)CCC(CC(C)C)CC(C)C,25,864.673956,217.403
CCCCCCC(CCC)CCCC,25,756.146604,254.52
CC(C)C(C)(C)CC(C)(C)C(C)(C)C,25,771.304982,238.174
CCCCCCCC(CCC)CCC,25,776.461231,242.473
CC(C)CC(C)(C)C(C)(C)CC(C)C,25,785.739131,241.532
CCC(CC)(CC)C(CC)(CC)CC,25,854.805864,264.722
CC(C)(C)CCCCCCC(C)(C)C,25,815.053681,223.222
CC(C)(C)C(C)(C)C(C)(C)C(C)(C)C,25,745.084943,257.843
CCC(CC(C)C)C(CC)CC(C)C,25,760.67513,216.009
CCCC(C)(CC)C(C)(CC)CCC,25,777.894592,254.0
CC(C)CC(C)(C)CC(C)(C)CC(C)C,25,798.287508,232.439
CCCCC(C)(C)CC(C)(C)CCCC,25,792.54129,250.222
CCCC(C)(CC)CC(C)(CC)CCC,25,804.463221,260.499
CCC(C)C(C)(C)CC(C)(C)C(C)CC,25,855.17874,249.759
CCCCCCC(CCC)CCCCC,25,787.093842,251.621
CC(C)CCCCC(C)CCCC(C)C,25,819.775309,246.319
CCC(C)(C)C(C)(C)CC(C)(C)C(C)C,25,805.670204,252.751
CCC(C)CCCC(C)CCCC(C)C,25,798.229375,248.758
CCC(C)(C)C(C)(C)CC(C)CC(C)C,25,827.49933,231.316
CC(CC(C)(C)C)CC(C)(C)CC(C)(C)C,25,789.161199,246.35
CC(C)CCCC(C)C(C)CCCC(C)C,25,873.706377,262.519
CC(CCCC(C)(C)C)CCCC(C)(C)C,25,930.054702,266.994
CCCCCCCCCCCC(CC)CC,25,788.329891,280.921
CCC(C)CCCCC(C)CCCC(C)C,25,891.121313,272.48
CCCCCC(CCCCC)CCCCC,25,800.993148,264.603
CCCCCCCCC(CCCCCC)CCCCCC,25,925.564067,342.775
CCCCCCCC(CCCCCCC)CCCCCCC,25,827.115308,363.516
CCCCCCCCCCCCCCCC(CCC)CCC,25,887.093897,367.287
CCCCCCCCCCCCCCC(C)CC(C)CC(C)C,25,770.821468,355.13
CCCCCCCCC(CCCCCC)CCCCCCCC,25,779.969702,366.497
CCCCCCCCC(CCCCCCC)CCCCCCCC,25,788.350029,373.35
CCCCCCCCCCCCCCCC(CCCC)CCCC,25,760.449151,377.62
CCCCCCCCCCCC(CCCCCC)CCCCCC,25,787.108223,382.59
CCCCCCCCCCCCCCCCC(CCC)CCCC,25,783.066984,377.62
CCCCCCC(CCC(C)C)C(CCCCCC)CCC(C)C,25,886.574893,360.961
CCCCCCCCCCCCCCCC(C)CC(C)CC(C)C,25,785.064289,367.213
CCCCCCC(CCCC)CC(C)(CCCC)CCCCCC,25,896.988236,407.269
CCCCCCCCCCC(CCCCC)CCCCCCCCC,25,780.127185,395.311
CCCCCCCCC(CCCCCCCC)CCCCCCCC,25,790.372754,383.788
CCCCCCCCCCCCCCCC(CCCC)CCCCCC,25,786.260845,400.185
CCCCCCCCCCCCCC(CCCCCC)CCCCCC,25,809.107344,375.014
CCCCCCCCCCC(CCCCCC)CCCCCCCCC,25,781.018596,404.591
CCCCCCCCCCC(CCCCC)CCCCCCCCCC,25,851.005607,393.229
CCCCCCCCCCCCCC(CCCC)CCCCCCCC,25,874.67038,397.843
CCCCCCCCCCCCCCCCCC(CCCC)CCCC,25,889.729899,399.328
CCCCCCCCCCCC(CCCC)CCCCCCCCCC,25,889.245302,398.79
CCCCCCCCCCCCCC(CC(CC)CC)CC(CC)CC,25,897.740326,382.682
CCC(CC)(CC)CCC(CC)(CC)CC,25,824.734393,284.998
CC(C)(C)C(C)(C)CCC(C)(C)C(C)(C)C,25,916.446026,271.656
CCC(C)(C)CCCCCCC(C)(C)CC,25,907.043438,267.818
CCCCCCC(CCC)CCCCCC,25,805.228549,272.758
CCCCC(CCCC)(CCCC)C(C)C,25,861.933978,285.926
CCCCCCC(CCCC)CCCCCC,25,778.599875,284.04
CCCCCCC(CCCCC)CCCCC,25,818.030312,291.922
CCCCCCCCCCC(CCC)CCC,25,753.586754,287.43
CC(C)(C)C(C(C(C)(C)C)C(C)(C)C)C(C)(C)C,25,753.93475,290.029
CC(CCCCC(C)CC(C)(C)C)CC(C)(C)C,25,801.828372,285.642
CCC(C)(C)CCCC(C)CCCC(C)(C)CC,25,757.044252,308.308
CCCCCCCC(CCC)CCCCCCC,25,751.166335,310.764
CCCCC(C)CCCC(C)CCCC(C)CCC,25,759.909461,302.468
CC(C)CCCC(C)CCCC(C)CCCC(C)C,25,789.476709,302.301
CCCCCCCCCCC(CCCC)CCCC,25,825.292126,317.795
CCCCCCCCCCCC(CCCC)CCCC,25,870.918894,329.626
CCCCCC(CC)CC(CC)CC(CC)CCCC,25,804.51845,305.871
CCCCCCCCCCCCCCCC(CC)CC,25,830.565744,341.065
CC(C)(C)CCCCCCCCCCCCC(C)(C)C,25,917.754947,333.303
CC(C)CCCC(C)CCCCC(C)CCCC(C)C,25,890.024853,321.146
CCCCCCC(C)C(C)C(C)C(C)CCCCCC,25,882.884939,321.935
CCCCCCCCCCCCCC(CCC)CCC,25,864.140179,331.323
CCC(C)CCCC(C)CCCC(C)CCCC(C)C,25,780.090219,314.563
CCCCCCCCCCCCCCCCCCCCCC(CC)CC,25,736.195639,420.811
CCCCCCCCCCC(CCCCCCCC)CCCCCCCC,25,909.138418,400.406
CCCCCCCCCCC(CCCCCCC)CCCCCCCCC,25,868.87812,414.386
CCCCCCCCCCCC(CCCCCCCC)CCCCCCCC,25,865.065503,419.464
CC(CCC(CCC(C)CC(C)(C)C)CCC(C)CC(C)(C)C)CC(C)(C)C,25,901.679409,371.371
CCCCCCCCCCCCCCCC(CCCCCC)CCCCCC,25,876.668097,419.846
CCCCCCCCCCC(CCCCCCCC)CCCCCCCCC,25,875.066935,424.17
CCCCCCCCCCC(CCCCCCCCC)CCCCCCCCC,25,877.161313,433.496
CC(C)CCCC(C)CCCC(C)CCCCC(C)CCCC(C)CCCC(C)C,25,669.224822,417.45
CCCCCCCCCCC(CCCCCCCCC)CCCCCCCCCC,25,886.432713,443.22
CCCCCCCCCCCCCC(CCCCCCCC)CCCCCCCC,25,929.619754,425.367
CCCCCCCCCCC(CCCCCCCCCC)CCCCCCCCCC,25,973.972748,448.611
CCCCCCCCCCCC(CCCCCCCCCC)CCCCCCCCCC,25,906.604079,449.282
CCCCCCCCCCCCCCCC(CCCCCCCC)CCCCCCCC,25,864.118765,452.473
CCCCCCCCCCCCCCCCCC(CCCCCCCC)CCCCCCCC,25,1022.34523,464.167
CCCCCCCCCCCCCC(CCCCCCCCCC)CCCCCCCCCC,25,962.603741,460.842
CCCCCCCCCCCCC(CCCCCCCCCCC)CCCCCCCCCCCC,25,907.463184,478.595
CC(CCC(CCCCC(CCC(C)CC(C)(C)C)CCC(C)CC(C)(C)C)CCC(C)CC(C)(C)C)CC(C)(C)C,25,1038.77485,478.589
